<?xml version="1.0" encoding="UTF-8"?>
<!DOCTYPE mapper PUBLIC "-//mybatis.org//DTD Mapper 3.0//EN" "http://mybatis.org/dtd/mybatis-3-mapper.dtd">
<mapper namespace="com.example.mapper.BoardMapper">
   <insert id="insert">
      insert into board(postTitle,writer,postContent,preperationTime,image)
      values(#{postTitle},#{writer},#{postContent},now(),#{image})
      <selectKey resultType="int" keyProperty="postingNo" order="AFTER">
         SELECT LAST_INSERT_ID()
      </selectKey>
   </insert>
    <select id="list" resultType="hashmap">
        select * from board
        <if test="searchType=='postTitle'">
         where postTitle like concat('%', #{keyword}, '%')
      </if>
      <if test="searchType=='writer'">
         where writer like concat('%', #{keyword}, '%')
      </if>
      <if test="searchType=='postContent'">
         where postContent like concat('%', #{keyword}, '%')
      </if>
        order by postingNo desc
       limit #{pageStart}, #{perPageNum}
    </select>
    
     <select id="myList" resultType="com.example.domain.BoardVO">
        select * from board
        where writer=#{id}
        order by postingNo desc
    </select>
    
    <select id="totalCount" resultType="int">
       select count(*) from board
    </select>
    
    <select id="read" resultType="com.example.domain.BoardVO">
       select * from board where postingNo=#{postingNo}
    </select>
    
    <update id="update">
       update board set image=#{image}, postTitle=#{postTitle}, postContent=#{postContent}, modifiedTime=now() where postingNo=#{postingNo}
    </update>
    
    <delete id="delete">
       delete from board where postingNo=#{postingNo}
    </delete>
    
    <select id="replyCount" resultType="int">
       select count(*) from reply where postingNo=#{postingNo}
    </select>
    
    <update id="updateReplycnt">
       update board set replycnt=replycnt + #{amount} where postingNo=#{postingNo}
    </update>
    
    <select id="getAttach" resultType="String">
      select image from board_attach
      where postingNo=#{postingNo}
   </select>
   
   <insert id="addAttach">
      insert into board_attach(image, postingNo)
      values(#{image}, #{postingNo})
   </insert>
   
   <delete id="delAttach">
      delete from board_attach
      where postingNo=#{postingNo}
   </delete>
</mapper>