<?xml version="1.0" encoding="UTF-8"?>
<!DOCTYPE mapper PUBLIC "-//mybatis.org//DTD Mapper 3.0//EN" "http://mybatis.org/dtd/mybatis-3-mapper.dtd">
<mapper namespace="com.example.mapper.MyBoardMapper">
   <select id="boardList" resultType="hashmap">
      select * from board 
      where writer=#{id}
      order by postingNo desc
      limit #{cri.pageStart}, #{cri.perPageNum}
   </select>
   <select id="infoList" resultType="hashmap">
      select * from info_report 
      where writer=#{id}
      order by foundNo desc
      limit #{cri.pageStart}, #{cri.perPageNum}
   </select>
   <select id="missingList" resultType="hashmap">
      select * from missing_report 
      where writer=#{id}
      order by reportNo desc
      limit #{cri.pageStart}, #{cri.perPageNum}
   </select>
   <select id="totalCount" resultType="int">
      select count(*) from board
         where writer=#{id}
   </select>
</mapper>