<?xml version="1.0" encoding="UTF-8"?>
<!DOCTYPE mapper PUBLIC "-//mybatis.org//DTD Mapper 3.0//EN" "http://mybatis.org/dtd/mybatis-3-mapper.dtd">
<mapper namespace="com.example.mapper.ReplyMapper">
    <select id="list" resultType="com.example.domain.ReplyVO">
        select * from reply where postingNo=#{postingNo} order by commentNo desc  limit #{cri.pageStart}, #{cri.perPageNum}
    </select>
    
    <insert id="insert">
       insert into reply(postingNo,commentContent,writer) values(#{postingNo},#{commentContent},#{writer})
    </insert>
    
    <delete id="delete">
       delete from reply where commentNo=#{commentNo}
    </delete>
    
    <select id="read" resultType="com.example.domain.ReplyVO">
       select * from reply where commentNo=#{commentNo}
    </select>
</mapper>